case_id,customer_id,quality_score,has_who,has_what,has_when,has_where,has_why,has_amount,chronological_language,human_review_statement
AML-CUST000064,CUST000064,100.0,True,True,True,True,True,True,True,True
AML-CUST000079,CUST000079,100.0,True,True,True,True,True,True,True,True
AML-CUST001186,CUST001186,100.0,True,True,True,True,True,True,True,True
AML-CUST004435,CUST004435,100.0,True,True,True,True,True,True,True,True
AML-CUST004909,CUST004909,100.0,True,True,True,True,True,True,True,True
AML-CUST001343,CUST001343,100.0,True,True,True,True,True,True,True,True
AML-CUST002257,CUST002257,100.0,True,True,True,True,True,True,True,True
AML-CUST002274,CUST002274,100.0,True,True,True,True,True,True,True,True
AML-CUST002904,CUST002904,100.0,True,True,True,True,True,True,True,True
AML-CUST000946,CUST000946,100.0,True,True,True,True,True,True,True,True
AML-CUST001003,CUST001003,100.0,True,True,True,True,True,True,True,True
AML-CUST001495,CUST001495,100.0,True,True,True,True,True,True,True,True
AML-CUST002056,CUST002056,100.0,True,True,True,True,True,True,True,True
AML-CUST002140,CUST002140,100.0,True,True,True,True,True,True,True,True
AML-CUST002208,CUST002208,100.0,True,True,True,True,True,True,True,True
AML-CUST003058,CUST003058,100.0,True,True,True,True,True,True,True,True
AML-CUST003161,CUST003161,100.0,True,True,True,True,True,True,True,True
AML-CUST004014,CUST004014,100.0,True,True,True,True,True,True,True,True
AML-CUST004736,CUST004736,100.0,True,True,True,True,True,True,True,True
AML-CUST000607,CUST000607,100.0,True,True,True,True,True,True,True,True
AML-CUST001440,CUST001440,100.0,True,True,True,True,True,True,True,True
AML-CUST003780,CUST003780,100.0,True,True,True,True,True,True,True,True
AML-CUST000010,CUST000010,100.0,True,True,True,True,True,True,True,True
AML-CUST000041,CUST000041,100.0,True,True,True,True,True,True,True,True
AML-CUST000042,CUST000042,100.0,True,True,True,True,True,True,True,True
AML-CUST000048,CUST000048,100.0,True,True,True,True,True,True,True,True
AML-CUST000080,CUST000080,100.0,True,True,True,True,True,True,True,True
AML-CUST000082,CUST000082,100.0,True,True,True,True,True,True,True,True
AML-CUST000126,CUST000126,100.0,True,True,True,True,True,True,True,True
AML-CUST000128,CUST000128,100.0,True,True,True,True,True,True,True,True
AML-CUST000135,CUST000135,100.0,True,True,True,True,True,True,True,True
AML-CUST000152,CUST000152,100.0,True,True,True,True,True,True,True,True
AML-CUST000157,CUST000157,100.0,True,True,True,True,True,True,True,True
AML-CUST000029,CUST000029,100.0,True,True,True,True,True,True,True,True
AML-CUST000159,CUST000159,100.0,True,True,True,True,True,True,True,True
AML-CUST000139,CUST000139,100.0,True,True,True,True,True,True,True,True
AML-CUST001070,CUST001070,100.0,True,True,True,True,True,True,True,True
AML-CUST001602,CUST001602,100.0,True,True,True,True,True,True,True,True
AML-CUST002465,CUST002465,100.0,True,True,True,True,True,True,True,True
AML-CUST000144,CUST000144,100.0,True,True,True,True,True,True,True,True
AML-CUST000045,CUST000045,100.0,True,True,True,True,True,True,True,True
AML-CUST000756,CUST000756,100.0,True,True,True,True,True,True,True,True
AML-CUST003038,CUST003038,100.0,True,True,True,True,True,True,True,True
AML-CUST002782,CUST002782,100.0,True,True,True,True,True,True,True,True
AML-CUST004328,CUST004328,100.0,True,True,True,True,True,True,True,True
AML-CUST000030,CUST000030,100.0,True,True,True,True,True,True,True,True
AML-CUST000060,CUST000060,100.0,True,True,True,True,True,True,True,True
AML-CUST000062,CUST000062,100.0,True,True,True,True,True,True,True,True
AML-CUST000081,CUST000081,100.0,True,True,True,True,True,True,True,True
AML-CUST000097,CUST000097,100.0,True,True,True,True,True,True,True,True
AML-CUST002926,CUST002926,100.0,True,True,True,True,True,True,True,True
AML-CUST000046,CUST000046,100.0,True,True,True,True,True,True,True,True
AML-CUST003118,CUST003118,100.0,True,True,True,True,True,True,True,True
AML-CUST004424,CUST004424,100.0,True,True,True,True,True,True,True,True
AML-CUST000257,CUST000257,100.0,True,True,True,True,True,True,True,True
AML-CUST002349,CUST002349,100.0,True,True,True,True,True,True,True,True
AML-CUST002635,CUST002635,100.0,True,True,True,True,True,True,True,True
AML-CUST002674,CUST002674,100.0,True,True,True,True,True,True,True,True
AML-CUST003176,CUST003176,100.0,True,True,True,True,True,True,True,True
AML-CUST003600,CUST003600,100.0,True,True,True,True,True,True,True,True
AML-CUST004434,CUST004434,100.0,True,True,True,True,True,True,True,True
AML-CUST004803,CUST004803,100.0,True,True,True,True,True,True,True,True
AML-CUST001549,CUST001549,100.0,True,True,True,True,True,True,True,True
AML-CUST003387,CUST003387,100.0,True,True,True,True,True,True,True,True
AML-CUST004188,CUST004188,100.0,True,True,True,True,True,True,True,True
AML-CUST001114,CUST001114,100.0,True,True,True,True,True,True,True,True
AML-CUST002014,CUST002014,100.0,True,True,True,True,True,True,True,True
AML-CUST002166,CUST002166,100.0,True,True,True,True,True,True,True,True
AML-CUST002846,CUST002846,100.0,True,True,True,True,True,True,True,True
AML-CUST003213,CUST003213,100.0,True,True,True,True,True,True,True,True
AML-CUST003347,CUST003347,100.0,True,True,True,True,True,True,True,True
AML-CUST003500,CUST003500,100.0,True,True,True,True,True,True,True,True
AML-CUST003628,CUST003628,100.0,True,True,True,True,True,True,True,True
AML-CUST003781,CUST003781,100.0,True,True,True,True,True,True,True,True
AML-CUST000721,CUST000721,100.0,True,True,True,True,True,True,True,True
AML-CUST001668,CUST001668,100.0,True,True,True,True,True,True,True,True
AML-CUST002698,CUST002698,100.0,True,True,True,True,True,True,True,True
AML-CUST002868,CUST002868,100.0,True,True,True,True,True,True,True,True
AML-CUST003739,CUST003739,100.0,True,True,True,True,True,True,True,True
AML-CUST004689,CUST004689,100.0,True,True,True,True,True,True,True,True
AML-CUST000732,CUST000732,100.0,True,True,True,True,True,True,True,True
AML-CUST001019,CUST001019,100.0,True,True,True,True,True,True,True,True
AML-CUST001697,CUST001697,100.0,True,True,True,True,True,True,True,True
AML-CUST001911,CUST001911,100.0,True,True,True,True,True,True,True,True
AML-CUST002174,CUST002174,100.0,True,True,True,True,True,True,True,True
AML-CUST000198,CUST000198,100.0,True,True,True,True,True,True,True,True
AML-CUST000211,CUST000211,100.0,True,True,True,True,True,True,True,True
AML-CUST000388,CUST000388,100.0,True,True,True,True,True,True,True,True
AML-CUST000540,CUST000540,100.0,True,True,True,True,True,True,True,True
AML-CUST000974,CUST000974,100.0,True,True,True,True,True,True,True,True
AML-CUST001296,CUST001296,100.0,True,True,True,True,True,True,True,True
AML-CUST001340,CUST001340,100.0,True,True,True,True,True,True,True,True
AML-CUST001773,CUST001773,100.0,True,True,True,True,True,True,True,True
AML-CUST001804,CUST001804,100.0,True,True,True,True,True,True,True,True
AML-CUST002038,CUST002038,100.0,True,True,True,True,True,True,True,True
AML-CUST002336,CUST002336,100.0,True,True,True,True,True,True,True,True
AML-CUST002619,CUST002619,100.0,True,True,True,True,True,True,True,True
AML-CUST002629,CUST002629,100.0,True,True,True,True,True,True,True,True
AML-CUST002660,CUST002660,100.0,True,True,True,True,True,True,True,True
AML-CUST002719,CUST002719,100.0,True,True,True,True,True,True,True,True
AML-CUST002731,CUST002731,100.0,True,True,True,True,True,True,True,True
AML-CUST003969,CUST003969,100.0,True,True,True,True,True,True,True,True
AML-CUST000011,CUST000011,100.0,True,True,True,True,True,True,True,True
AML-CUST000012,CUST000012,100.0,True,True,True,True,True,True,True,True
AML-CUST000013,CUST000013,100.0,True,True,True,True,True,True,True,True
AML-CUST000014,CUST000014,100.0,True,True,True,True,True,True,True,True
AML-CUST000015,CUST000015,100.0,True,True,True,True,True,True,True,True
AML-CUST000016,CUST000016,100.0,True,True,True,True,True,True,True,True
AML-CUST000017,CUST000017,100.0,True,True,True,True,True,True,True,True
AML-CUST000018,CUST000018,100.0,True,True,True,True,True,True,True,True
AML-CUST000019,CUST000019,100.0,True,True,True,True,True,True,True,True
AML-CUST000020,CUST000020,100.0,True,True,True,True,True,True,True,True
AML-CUST000021,CUST000021,100.0,True,True,True,True,True,True,True,True
AML-CUST000022,CUST000022,100.0,True,True,True,True,True,True,True,True
AML-CUST000023,CUST000023,100.0,True,True,True,True,True,True,True,True
AML-CUST000024,CUST000024,100.0,True,True,True,True,True,True,True,True
AML-CUST000025,CUST000025,100.0,True,True,True,True,True,True,True,True
AML-CUST000026,CUST000026,100.0,True,True,True,True,True,True,True,True
AML-CUST000027,CUST000027,100.0,True,True,True,True,True,True,True,True
AML-CUST000028,CUST000028,100.0,True,True,True,True,True,True,True,True
AML-CUST000031,CUST000031,100.0,True,True,True,True,True,True,True,True
AML-CUST000032,CUST000032,100.0,True,True,True,True,True,True,True,True
AML-CUST000033,CUST000033,100.0,True,True,True,True,True,True,True,True
AML-CUST000034,CUST000034,100.0,True,True,True,True,True,True,True,True
AML-CUST000035,CUST000035,100.0,True,True,True,True,True,True,True,True
AML-CUST000036,CUST000036,100.0,True,True,True,True,True,True,True,True
AML-CUST000037,CUST000037,100.0,True,True,True,True,True,True,True,True
AML-CUST000038,CUST000038,100.0,True,True,True,True,True,True,True,True
AML-CUST000039,CUST000039,100.0,True,True,True,True,True,True,True,True
AML-CUST000040,CUST000040,100.0,True,True,True,True,True,True,True,True
AML-CUST000043,CUST000043,100.0,True,True,True,True,True,True,True,True
AML-CUST000044,CUST000044,100.0,True,True,True,True,True,True,True,True
AML-CUST000047,CUST000047,100.0,True,True,True,True,True,True,True,True
AML-CUST000049,CUST000049,100.0,True,True,True,True,True,True,True,True
AML-CUST000050,CUST000050,100.0,True,True,True,True,True,True,True,True
AML-CUST000051,CUST000051,100.0,True,True,True,True,True,True,True,True
AML-CUST000052,CUST000052,100.0,True,True,True,True,True,True,True,True
AML-CUST000053,CUST000053,100.0,True,True,True,True,True,True,True,True
AML-CUST000054,CUST000054,100.0,True,True,True,True,True,True,True,True
AML-CUST000055,CUST000055,100.0,True,True,True,True,True,True,True,True
AML-CUST000056,CUST000056,100.0,True,True,True,True,True,True,True,True
AML-CUST000057,CUST000057,100.0,True,True,True,True,True,True,True,True
AML-CUST000058,CUST000058,100.0,True,True,True,True,True,True,True,True
AML-CUST000059,CUST000059,100.0,True,True,True,True,True,True,True,True
AML-CUST000061,CUST000061,100.0,True,True,True,True,True,True,True,True
AML-CUST000063,CUST000063,100.0,True,True,True,True,True,True,True,True
AML-CUST000065,CUST000065,100.0,True,True,True,True,True,True,True,True
AML-CUST000066,CUST000066,100.0,True,True,True,True,True,True,True,True
AML-CUST000067,CUST000067,100.0,True,True,True,True,True,True,True,True
AML-CUST000068,CUST000068,100.0,True,True,True,True,True,True,True,True
AML-CUST000069,CUST000069,100.0,True,True,True,True,True,True,True,True
AML-CUST000070,CUST000070,100.0,True,True,True,True,True,True,True,True
AML-CUST000071,CUST000071,100.0,True,True,True,True,True,True,True,True
AML-CUST000072,CUST000072,100.0,True,True,True,True,True,True,True,True
AML-CUST000073,CUST000073,100.0,True,True,True,True,True,True,True,True
AML-CUST000074,CUST000074,100.0,True,True,True,True,True,True,True,True
AML-CUST000075,CUST000075,100.0,True,True,True,True,True,True,True,True
AML-CUST000076,CUST000076,100.0,True,True,True,True,True,True,True,True
AML-CUST000077,CUST000077,100.0,True,True,True,True,True,True,True,True
AML-CUST000078,CUST000078,100.0,True,True,True,True,True,True,True,True
AML-CUST000083,CUST000083,100.0,True,True,True,True,True,True,True,True
AML-CUST000084,CUST000084,100.0,True,True,True,True,True,True,True,True
AML-CUST000085,CUST000085,100.0,True,True,True,True,True,True,True,True
AML-CUST000086,CUST000086,100.0,True,True,True,True,True,True,True,True
AML-CUST000087,CUST000087,100.0,True,True,True,True,True,True,True,True
AML-CUST000088,CUST000088,100.0,True,True,True,True,True,True,True,True
AML-CUST000089,CUST000089,100.0,True,True,True,True,True,True,True,True
AML-CUST000090,CUST000090,100.0,True,True,True,True,True,True,True,True
AML-CUST000091,CUST000091,100.0,True,True,True,True,True,True,True,True
AML-CUST000092,CUST000092,100.0,True,True,True,True,True,True,True,True
AML-CUST000093,CUST000093,100.0,True,True,True,True,True,True,True,True
AML-CUST000094,CUST000094,100.0,True,True,True,True,True,True,True,True
AML-CUST000095,CUST000095,100.0,True,True,True,True,True,True,True,True
AML-CUST000096,CUST000096,100.0,True,True,True,True,True,True,True,True
AML-CUST000098,CUST000098,100.0,True,True,True,True,True,True,True,True
AML-CUST000099,CUST000099,100.0,True,True,True,True,True,True,True,True
AML-CUST000100,CUST000100,100.0,True,True,True,True,True,True,True,True
AML-CUST000101,CUST000101,100.0,True,True,True,True,True,True,True,True
AML-CUST000102,CUST000102,100.0,True,True,True,True,True,True,True,True
AML-CUST000103,CUST000103,100.0,True,True,True,True,True,True,True,True
AML-CUST000104,CUST000104,100.0,True,True,True,True,True,True,True,True
AML-CUST000105,CUST000105,100.0,True,True,True,True,True,True,True,True
AML-CUST000106,CUST000106,100.0,True,True,True,True,True,True,True,True
AML-CUST000107,CUST000107,100.0,True,True,True,True,True,True,True,True
AML-CUST000108,CUST000108,100.0,True,True,True,True,True,True,True,True
AML-CUST000109,CUST000109,100.0,True,True,True,True,True,True,True,True
AML-CUST000110,CUST000110,100.0,True,True,True,True,True,True,True,True
AML-CUST000111,CUST000111,100.0,True,True,True,True,True,True,True,True
AML-CUST000112,CUST000112,100.0,True,True,True,True,True,True,True,True
AML-CUST000113,CUST000113,100.0,True,True,True,True,True,True,True,True
AML-CUST000114,CUST000114,100.0,True,True,True,True,True,True,True,True
AML-CUST000115,CUST000115,100.0,True,True,True,True,True,True,True,True
AML-CUST000116,CUST000116,100.0,True,True,True,True,True,True,True,True
AML-CUST000117,CUST000117,100.0,True,True,True,True,True,True,True,True
AML-CUST000118,CUST000118,100.0,True,True,True,True,True,True,True,True
AML-CUST000119,CUST000119,100.0,True,True,True,True,True,True,True,True
AML-CUST000120,CUST000120,100.0,True,True,True,True,True,True,True,True
AML-CUST000122,CUST000122,100.0,True,True,True,True,True,True,True,True
AML-CUST000123,CUST000123,100.0,True,True,True,True,True,True,True,True
AML-CUST000124,CUST000124,100.0,True,True,True,True,True,True,True,True
AML-CUST000125,CUST000125,100.0,True,True,True,True,True,True,True,True
AML-CUST000127,CUST000127,100.0,True,True,True,True,True,True,True,True
AML-CUST000129,CUST000129,100.0,True,True,True,True,True,True,True,True
AML-CUST000130,CUST000130,100.0,True,True,True,True,True,True,True,True
AML-CUST000131,CUST000131,100.0,True,True,True,True,True,True,True,True
AML-CUST000132,CUST000132,100.0,True,True,True,True,True,True,True,True
AML-CUST000133,CUST000133,100.0,True,True,True,True,True,True,True,True
AML-CUST000134,CUST000134,100.0,True,True,True,True,True,True,True,True
AML-CUST000136,CUST000136,100.0,True,True,True,True,True,True,True,True
AML-CUST000137,CUST000137,100.0,True,True,True,True,True,True,True,True
AML-CUST000138,CUST000138,100.0,True,True,True,True,True,True,True,True
AML-CUST000140,CUST000140,100.0,True,True,True,True,True,True,True,True
AML-CUST000141,CUST000141,100.0,True,True,True,True,True,True,True,True
AML-CUST000142,CUST000142,100.0,True,True,True,True,True,True,True,True
AML-CUST000143,CUST000143,100.0,True,True,True,True,True,True,True,True
AML-CUST000145,CUST000145,100.0,True,True,True,True,True,True,True,True
AML-CUST000146,CUST000146,100.0,True,True,True,True,True,True,True,True
AML-CUST000147,CUST000147,100.0,True,True,True,True,True,True,True,True
AML-CUST000148,CUST000148,100.0,True,True,True,True,True,True,True,True
AML-CUST000149,CUST000149,100.0,True,True,True,True,True,True,True,True
AML-CUST000150,CUST000150,100.0,True,True,True,True,True,True,True,True
AML-CUST000155,CUST000155,100.0,True,True,True,True,True,True,True,True
AML-CUST000156,CUST000156,100.0,True,True,True,True,True,True,True,True
AML-CUST000158,CUST000158,100.0,True,True,True,True,True,True,True,True
AML-CUST003784,CUST003784,100.0,True,True,True,True,True,True,True,True
AML-CUST004727,CUST004727,100.0,True,True,True,True,True,True,True,True
AML-CUST000368,CUST000368,100.0,True,True,True,True,True,True,True,True
AML-CUST000391,CUST000391,100.0,True,True,True,True,True,True,True,True
AML-CUST000857,CUST000857,100.0,True,True,True,True,True,True,True,True
AML-CUST001375,CUST001375,100.0,True,True,True,True,True,True,True,True
AML-CUST001673,CUST001673,100.0,True,True,True,True,True,True,True,True
AML-CUST002386,CUST002386,100.0,True,True,True,True,True,True,True,True
AML-CUST002540,CUST002540,100.0,True,True,True,True,True,True,True,True
AML-CUST002599,CUST002599,100.0,True,True,True,True,True,True,True,True
AML-CUST003391,CUST003391,100.0,True,True,True,True,True,True,True,True
AML-CUST003664,CUST003664,100.0,True,True,True,True,True,True,True,True
AML-CUST003709,CUST003709,100.0,True,True,True,True,True,True,True,True
AML-CUST003721,CUST003721,100.0,True,True,True,True,True,True,True,True
AML-CUST003790,CUST003790,100.0,True,True,True,True,True,True,True,True
AML-CUST003938,CUST003938,100.0,True,True,True,True,True,True,True,True
AML-CUST004797,CUST004797,100.0,True,True,True,True,True,True,True,True
AML-CUST004895,CUST004895,100.0,True,True,True,True,True,True,True,True
AML-CUST004951,CUST004951,100.0,True,True,True,True,True,True,True,True
AML-CUST004971,CUST004971,100.0,True,True,True,True,True,True,True,True
AML-CUST000121,CUST000121,100.0,True,True,True,True,True,True,True,True
AML-CUST000151,CUST000151,100.0,True,True,True,True,True,True,True,True
AML-CUST000153,CUST000153,100.0,True,True,True,True,True,True,True,True
AML-CUST000154,CUST000154,100.0,True,True,True,True,True,True,True,True
AML-CUST000001,CUST000001,100.0,True,True,True,True,True,True,True,True
AML-CUST000579,CUST000579,100.0,True,True,True,True,True,True,True,True
AML-CUST001093,CUST001093,100.0,True,True,True,True,True,True,True,True
AML-CUST001134,CUST001134,100.0,True,True,True,True,True,True,True,True
AML-CUST001393,CUST001393,100.0,True,True,True,True,True,True,True,True
AML-CUST001764,CUST001764,100.0,True,True,True,True,True,True,True,True
AML-CUST002442,CUST002442,100.0,True,True,True,True,True,True,True,True
AML-CUST002561,CUST002561,100.0,True,True,True,True,True,True,True,True
AML-CUST003284,CUST003284,100.0,True,True,True,True,True,True,True,True
AML-CUST003389,CUST003389,100.0,True,True,True,True,True,True,True,True
AML-CUST003435,CUST003435,100.0,True,True,True,True,True,True,True,True
AML-CUST003960,CUST003960,100.0,True,True,True,True,True,True,True,True
AML-CUST004081,CUST004081,100.0,True,True,True,True,True,True,True,True
AML-CUST004522,CUST004522,100.0,True,True,True,True,True,True,True,True
AML-CUST004580,CUST004580,100.0,True,True,True,True,True,True,True,True
AML-CUST004841,CUST004841,100.0,True,True,True,True,True,True,True,True
AML-CUST004932,CUST004932,100.0,True,True,True,True,True,True,True,True
AML-CUST004992,CUST004992,100.0,True,True,True,True,True,True,True,True
AML-CUST000822,CUST000822,100.0,True,True,True,True,True,True,True,True
AML-CUST001110,CUST001110,100.0,True,True,True,True,True,True,True,True
AML-CUST001305,CUST001305,100.0,True,True,True,True,True,True,True,True
AML-CUST001878,CUST001878,100.0,True,True,True,True,True,True,True,True
AML-CUST004768,CUST004768,100.0,True,True,True,True,True,True,True,True
AML-CUST000481,CUST000481,100.0,True,True,True,True,True,True,True,True
AML-CUST000785,CUST000785,100.0,True,True,True,True,True,True,True,True
AML-CUST000842,CUST000842,100.0,True,True,True,True,True,True,True,True
AML-CUST001413,CUST001413,100.0,True,True,True,True,True,True,True,True
AML-CUST001777,CUST001777,100.0,True,True,True,True,True,True,True,True
AML-CUST001879,CUST001879,100.0,True,True,True,True,True,True,True,True
AML-CUST002438,CUST002438,100.0,True,True,True,True,True,True,True,True
AML-CUST002957,CUST002957,100.0,True,True,True,True,True,True,True,True
AML-CUST003353,CUST003353,100.0,True,True,True,True,True,True,True,True
AML-CUST003956,CUST003956,100.0,True,True,True,True,True,True,True,True
AML-CUST004072,CUST004072,100.0,True,True,True,True,True,True,True,True
AML-CUST004300,CUST004300,100.0,True,True,True,True,True,True,True,True
AML-CUST004573,CUST004573,100.0,True,True,True,True,True,True,True,True
AML-CUST000247,CUST000247,100.0,True,True,True,True,True,True,True,True
AML-CUST000301,CUST000301,100.0,True,True,True,True,True,True,True,True
AML-CUST000347,CUST000347,100.0,True,True,True,True,True,True,True,True
AML-CUST000492,CUST000492,100.0,True,True,True,True,True,True,True,True
AML-CUST000518,CUST000518,100.0,True,True,True,True,True,True,True,True
AML-CUST000554,CUST000554,100.0,True,True,True,True,True,True,True,True
AML-CUST000555,CUST000555,100.0,True,True,True,True,True,True,True,True
AML-CUST000627,CUST000627,100.0,True,True,True,True,True,True,True,True
AML-CUST000645,CUST000645,100.0,True,True,True,True,True,True,True,True
AML-CUST000664,CUST000664,100.0,True,True,True,True,True,True,True,True
AML-CUST000726,CUST000726,100.0,True,True,True,True,True,True,True,True
AML-CUST000733,CUST000733,100.0,True,True,True,True,True,True,True,True
AML-CUST000773,CUST000773,100.0,True,True,True,True,True,True,True,True
AML-CUST000803,CUST000803,100.0,True,True,True,True,True,True,True,True
AML-CUST000871,CUST000871,100.0,True,True,True,True,True,True,True,True
AML-CUST000939,CUST000939,100.0,True,True,True,True,True,True,True,True
AML-CUST000978,CUST000978,100.0,True,True,True,True,True,True,True,True
AML-CUST000979,CUST000979,100.0,True,True,True,True,True,True,True,True
AML-CUST000983,CUST000983,100.0,True,True,True,True,True,True,True,True
AML-CUST001164,CUST001164,100.0,True,True,True,True,True,True,True,True
AML-CUST001176,CUST001176,100.0,True,True,True,True,True,True,True,True
AML-CUST001202,CUST001202,100.0,True,True,True,True,True,True,True,True
AML-CUST001245,CUST001245,100.0,True,True,True,True,True,True,True,True
AML-CUST001287,CUST001287,100.0,True,True,True,True,True,True,True,True
AML-CUST001433,CUST001433,100.0,True,True,True,True,True,True,True,True
AML-CUST001445,CUST001445,100.0,True,True,True,True,True,True,True,True
AML-CUST001626,CUST001626,100.0,True,True,True,True,True,True,True,True
AML-CUST001723,CUST001723,100.0,True,True,True,True,True,True,True,True
AML-CUST001729,CUST001729,100.0,True,True,True,True,True,True,True,True
AML-CUST001759,CUST001759,100.0,True,True,True,True,True,True,True,True
AML-CUST001793,CUST001793,100.0,True,True,True,True,True,True,True,True
AML-CUST001794,CUST001794,100.0,True,True,True,True,True,True,True,True
AML-CUST001799,CUST001799,100.0,True,True,True,True,True,True,True,True
AML-CUST001810,CUST001810,100.0,True,True,True,True,True,True,True,True
AML-CUST001846,CUST001846,100.0,True,True,True,True,True,True,True,True
AML-CUST001861,CUST001861,100.0,True,True,True,True,True,True,True,True
AML-CUST001863,CUST001863,100.0,True,True,True,True,True,True,True,True
AML-CUST001920,CUST001920,100.0,True,True,True,True,True,True,True,True
AML-CUST001987,CUST001987,100.0,True,True,True,True,True,True,True,True
AML-CUST002001,CUST002001,100.0,True,True,True,True,True,True,True,True
AML-CUST002061,CUST002061,100.0,True,True,True,True,True,True,True,True
AML-CUST002143,CUST002143,100.0,True,True,True,True,True,True,True,True
AML-CUST002172,CUST002172,100.0,True,True,True,True,True,True,True,True
AML-CUST002182,CUST002182,100.0,True,True,True,True,True,True,True,True
AML-CUST002305,CUST002305,100.0,True,True,True,True,True,True,True,True
AML-CUST002342,CUST002342,100.0,True,True,True,True,True,True,True,True
AML-CUST002362,CUST002362,100.0,True,True,True,True,True,True,True,True
AML-CUST002426,CUST002426,100.0,True,True,True,True,True,True,True,True
AML-CUST002444,CUST002444,100.0,True,True,True,True,True,True,True,True
AML-CUST002476,CUST002476,100.0,True,True,True,True,True,True,True,True
AML-CUST002487,CUST002487,100.0,True,True,True,True,True,True,True,True
AML-CUST002525,CUST002525,100.0,True,True,True,True,True,True,True,True
AML-CUST002617,CUST002617,100.0,True,True,True,True,True,True,True,True
AML-CUST002633,CUST002633,100.0,True,True,True,True,True,True,True,True
AML-CUST002688,CUST002688,100.0,True,True,True,True,True,True,True,True
AML-CUST002785,CUST002785,100.0,True,True,True,True,True,True,True,True
AML-CUST002907,CUST002907,100.0,True,True,True,True,True,True,True,True
AML-CUST002912,CUST002912,100.0,True,True,True,True,True,True,True,True
AML-CUST003003,CUST003003,100.0,True,True,True,True,True,True,True,True
AML-CUST003162,CUST003162,100.0,True,True,True,True,True,True,True,True
AML-CUST003288,CUST003288,100.0,True,True,True,True,True,True,True,True
AML-CUST003334,CUST003334,100.0,True,True,True,True,True,True,True,True
AML-CUST003399,CUST003399,100.0,True,True,True,True,True,True,True,True
AML-CUST003415,CUST003415,100.0,True,True,True,True,True,True,True,True
AML-CUST003468,CUST003468,100.0,True,True,True,True,True,True,True,True
AML-CUST003470,CUST003470,100.0,True,True,True,True,True,True,True,True
AML-CUST003481,CUST003481,100.0,True,True,True,True,True,True,True,True
AML-CUST003522,CUST003522,100.0,True,True,True,True,True,True,True,True
AML-CUST003534,CUST003534,100.0,True,True,True,True,True,True,True,True
AML-CUST003565,CUST003565,100.0,True,True,True,True,True,True,True,True
AML-CUST003576,CUST003576,100.0,True,True,True,True,True,True,True,True
AML-CUST003588,CUST003588,100.0,True,True,True,True,True,True,True,True
AML-CUST003609,CUST003609,100.0,True,True,True,True,True,True,True,True
AML-CUST003672,CUST003672,100.0,True,True,True,True,True,True,True,True
AML-CUST003691,CUST003691,100.0,True,True,True,True,True,True,True,True
AML-CUST003701,CUST003701,100.0,True,True,True,True,True,True,True,True
AML-CUST003708,CUST003708,100.0,True,True,True,True,True,True,True,True
AML-CUST003735,CUST003735,100.0,True,True,True,True,True,True,True,True
AML-CUST003813,CUST003813,100.0,True,True,True,True,True,True,True,True
AML-CUST003857,CUST003857,100.0,True,True,True,True,True,True,True,True
AML-CUST003881,CUST003881,100.0,True,True,True,True,True,True,True,True
AML-CUST003885,CUST003885,100.0,True,True,True,True,True,True,True,True
AML-CUST003998,CUST003998,100.0,True,True,True,True,True,True,True,True
AML-CUST004005,CUST004005,100.0,True,True,True,True,True,True,True,True
AML-CUST004032,CUST004032,100.0,True,True,True,True,True,True,True,True
AML-CUST004070,CUST004070,100.0,True,True,True,True,True,True,True,True
AML-CUST004112,CUST004112,100.0,True,True,True,True,True,True,True,True
AML-CUST004157,CUST004157,100.0,True,True,True,True,True,True,True,True
AML-CUST004189,CUST004189,100.0,True,True,True,True,True,True,True,True
AML-CUST004196,CUST004196,100.0,True,True,True,True,True,True,True,True
AML-CUST004213,CUST004213,100.0,True,True,True,True,True,True,True,True
AML-CUST004230,CUST004230,100.0,True,True,True,True,True,True,True,True
AML-CUST004294,CUST004294,100.0,True,True,True,True,True,True,True,True
AML-CUST004383,CUST004383,100.0,True,True,True,True,True,True,True,True
AML-CUST004416,CUST004416,100.0,True,True,True,True,True,True,True,True
AML-CUST004517,CUST004517,100.0,True,True,True,True,True,True,True,True
AML-CUST004595,CUST004595,100.0,True,True,True,True,True,True,True,True
AML-CUST004684,CUST004684,100.0,True,True,True,True,True,True,True,True
AML-CUST004709,CUST004709,100.0,True,True,True,True,True,True,True,True
AML-CUST004766,CUST004766,100.0,True,True,True,True,True,True,True,True
AML-CUST004831,CUST004831,100.0,True,True,True,True,True,True,True,True
AML-CUST004856,CUST004856,100.0,True,True,True,True,True,True,True,True
AML-CUST004934,CUST004934,100.0,True,True,True,True,True,True,True,True
AML-CUST004948,CUST004948,100.0,True,True,True,True,True,True,True,True
AML-CUST004985,CUST004985,100.0,True,True,True,True,True,True,True,True
AML-CUST004020,CUST004020,100.0,True,True,True,True,True,True,True,True
AML-CUST000251,CUST000251,100.0,True,True,True,True,True,True,True,True
AML-CUST000535,CUST000535,100.0,True,True,True,True,True,True,True,True
AML-CUST000622,CUST000622,100.0,True,True,True,True,True,True,True,True
AML-CUST000739,CUST000739,100.0,True,True,True,True,True,True,True,True
AML-CUST001107,CUST001107,100.0,True,True,True,True,True,True,True,True
AML-CUST001112,CUST001112,100.0,True,True,True,True,True,True,True,True
AML-CUST001129,CUST001129,100.0,True,True,True,True,True,True,True,True
AML-CUST001311,CUST001311,100.0,True,True,True,True,True,True,True,True
AML-CUST001327,CUST001327,100.0,True,True,True,True,True,True,True,True
AML-CUST001388,CUST001388,100.0,True,True,True,True,True,True,True,True
AML-CUST001946,CUST001946,100.0,True,True,True,True,True,True,True,True
AML-CUST002098,CUST002098,100.0,True,True,True,True,True,True,True,True
AML-CUST002192,CUST002192,100.0,True,True,True,True,True,True,True,True
AML-CUST002741,CUST002741,100.0,True,True,True,True,True,True,True,True
AML-CUST002848,CUST002848,100.0,True,True,True,True,True,True,True,True
AML-CUST003181,CUST003181,100.0,True,True,True,True,True,True,True,True
AML-CUST003198,CUST003198,100.0,True,True,True,True,True,True,True,True
AML-CUST003439,CUST003439,100.0,True,True,True,True,True,True,True,True
AML-CUST003869,CUST003869,100.0,True,True,True,True,True,True,True,True
AML-CUST003911,CUST003911,100.0,True,True,True,True,True,True,True,True
AML-CUST004012,CUST004012,100.0,True,True,True,True,True,True,True,True
AML-CUST004276,CUST004276,100.0,True,True,True,True,True,True,True,True
AML-CUST004338,CUST004338,100.0,True,True,True,True,True,True,True,True
AML-CUST004632,CUST004632,100.0,True,True,True,True,True,True,True,True
AML-CUST004748,CUST004748,100.0,True,True,True,True,True,True,True,True
AML-CUST004816,CUST004816,100.0,True,True,True,True,True,True,True,True
AML-CUST004913,CUST004913,100.0,True,True,True,True,True,True,True,True
AML-CUST004941,CUST004941,100.0,True,True,True,True,True,True,True,True
AML-CUST002840,CUST002840,100.0,True,True,True,True,True,True,True,True
AML-CUST000860,CUST000860,100.0,True,True,True,True,True,True,True,True
AML-CUST001071,CUST001071,100.0,True,True,True,True,True,True,True,True
AML-CUST001625,CUST001625,100.0,True,True,True,True,True,True,True,True
AML-CUST001893,CUST001893,100.0,True,True,True,True,True,True,True,True
AML-CUST002944,CUST002944,100.0,True,True,True,True,True,True,True,True
AML-CUST004596,CUST004596,100.0,True,True,True,True,True,True,True,True
AML-CUST004729,CUST004729,100.0,True,True,True,True,True,True,True,True
AML-CUST004825,CUST004825,100.0,True,True,True,True,True,True,True,True
AML-CUST004897,CUST004897,100.0,True,True,True,True,True,True,True,True
AML-CUST004904,CUST004904,100.0,True,True,True,True,True,True,True,True
AML-CUST000238,CUST000238,100.0,True,True,True,True,True,True,True,True
AML-CUST000437,CUST000437,100.0,True,True,True,True,True,True,True,True
AML-CUST000600,CUST000600,100.0,True,True,True,True,True,True,True,True
AML-CUST000651,CUST000651,100.0,True,True,True,True,True,True,True,True
AML-CUST000663,CUST000663,100.0,True,True,True,True,True,True,True,True
AML-CUST000808,CUST000808,100.0,True,True,True,True,True,True,True,True
AML-CUST001050,CUST001050,100.0,True,True,True,True,True,True,True,True
AML-CUST001067,CUST001067,100.0,True,True,True,True,True,True,True,True
AML-CUST001121,CUST001121,100.0,True,True,True,True,True,True,True,True
AML-CUST001143,CUST001143,100.0,True,True,True,True,True,True,True,True
AML-CUST001260,CUST001260,100.0,True,True,True,True,True,True,True,True
AML-CUST001387,CUST001387,100.0,True,True,True,True,True,True,True,True
AML-CUST001454,CUST001454,100.0,True,True,True,True,True,True,True,True
AML-CUST001500,CUST001500,100.0,True,True,True,True,True,True,True,True
AML-CUST001543,CUST001543,100.0,True,True,True,True,True,True,True,True
AML-CUST001891,CUST001891,100.0,True,True,True,True,True,True,True,True
AML-CUST001986,CUST001986,100.0,True,True,True,True,True,True,True,True
AML-CUST002129,CUST002129,100.0,True,True,True,True,True,True,True,True
AML-CUST002654,CUST002654,100.0,True,True,True,True,True,True,True,True
AML-CUST002709,CUST002709,100.0,True,True,True,True,True,True,True,True
AML-CUST002758,CUST002758,100.0,True,True,True,True,True,True,True,True
AML-CUST002839,CUST002839,100.0,True,True,True,True,True,True,True,True
AML-CUST002891,CUST002891,100.0,True,True,True,True,True,True,True,True
AML-CUST002961,CUST002961,100.0,True,True,True,True,True,True,True,True
AML-CUST003053,CUST003053,100.0,True,True,True,True,True,True,True,True
AML-CUST003224,CUST003224,100.0,True,True,True,True,True,True,True,True
AML-CUST003251,CUST003251,100.0,True,True,True,True,True,True,True,True
AML-CUST003271,CUST003271,100.0,True,True,True,True,True,True,True,True
AML-CUST003291,CUST003291,100.0,True,True,True,True,True,True,True,True
AML-CUST003308,CUST003308,100.0,True,True,True,True,True,True,True,True
AML-CUST003355,CUST003355,100.0,True,True,True,True,True,True,True,True
AML-CUST003536,CUST003536,100.0,True,True,True,True,True,True,True,True
AML-CUST003652,CUST003652,100.0,True,True,True,True,True,True,True,True
AML-CUST003663,CUST003663,100.0,True,True,True,True,True,True,True,True
AML-CUST003800,CUST003800,100.0,True,True,True,True,True,True,True,True
AML-CUST003889,CUST003889,100.0,True,True,True,True,True,True,True,True
AML-CUST003916,CUST003916,100.0,True,True,True,True,True,True,True,True
AML-CUST003970,CUST003970,100.0,True,True,True,True,True,True,True,True
AML-CUST004054,CUST004054,100.0,True,True,True,True,True,True,True,True
AML-CUST004167,CUST004167,100.0,True,True,True,True,True,True,True,True
AML-CUST004344,CUST004344,100.0,True,True,True,True,True,True,True,True
AML-CUST004411,CUST004411,100.0,True,True,True,True,True,True,True,True
AML-CUST004461,CUST004461,100.0,True,True,True,True,True,True,True,True
AML-CUST004482,CUST004482,100.0,True,True,True,True,True,True,True,True
AML-CUST004750,CUST004750,100.0,True,True,True,True,True,True,True,True
AML-CUST004759,CUST004759,100.0,True,True,True,True,True,True,True,True
AML-CUST004855,CUST004855,100.0,True,True,True,True,True,True,True,True
AML-CUST004857,CUST004857,100.0,True,True,True,True,True,True,True,True
AML-CUST004995,CUST004995,100.0,True,True,True,True,True,True,True,True
AML-CUST004777,CUST004777,100.0,True,True,True,True,True,True,True,True
AML-CUST000193,CUST000193,100.0,True,True,True,True,True,True,True,True
AML-CUST000303,CUST000303,100.0,True,True,True,True,True,True,True,True
AML-CUST000335,CUST000335,100.0,True,True,True,True,True,True,True,True
AML-CUST000355,CUST000355,100.0,True,True,True,True,True,True,True,True
AML-CUST000383,CUST000383,100.0,True,True,True,True,True,True,True,True
AML-CUST000411,CUST000411,100.0,True,True,True,True,True,True,True,True
AML-CUST000454,CUST000454,100.0,True,True,True,True,True,True,True,True
AML-CUST000473,CUST000473,100.0,True,True,True,True,True,True,True,True
AML-CUST000504,CUST000504,100.0,True,True,True,True,True,True,True,True
AML-CUST000528,CUST000528,100.0,True,True,True,True,True,True,True,True
AML-CUST000562,CUST000562,100.0,True,True,True,True,True,True,True,True
AML-CUST000594,CUST000594,100.0,True,True,True,True,True,True,True,True
AML-CUST000611,CUST000611,100.0,True,True,True,True,True,True,True,True
AML-CUST000642,CUST000642,100.0,True,True,True,True,True,True,True,True
AML-CUST000668,CUST000668,100.0,True,True,True,True,True,True,True,True
AML-CUST000704,CUST000704,100.0,True,True,True,True,True,True,True,True
AML-CUST000713,CUST000713,100.0,True,True,True,True,True,True,True,True
AML-CUST000738,CUST000738,100.0,True,True,True,True,True,True,True,True
AML-CUST000815,CUST000815,100.0,True,True,True,True,True,True,True,True
AML-CUST000909,CUST000909,100.0,True,True,True,True,True,True,True,True
AML-CUST000947,CUST000947,100.0,True,True,True,True,True,True,True,True
AML-CUST000954,CUST000954,100.0,True,True,True,True,True,True,True,True
AML-CUST000960,CUST000960,100.0,True,True,True,True,True,True,True,True
AML-CUST001009,CUST001009,100.0,True,True,True,True,True,True,True,True
AML-CUST001083,CUST001083,100.0,True,True,True,True,True,True,True,True
AML-CUST001089,CUST001089,100.0,True,True,True,True,True,True,True,True
AML-CUST001105,CUST001105,100.0,True,True,True,True,True,True,True,True
AML-CUST001124,CUST001124,100.0,True,True,True,True,True,True,True,True
AML-CUST001150,CUST001150,100.0,True,True,True,True,True,True,True,True
AML-CUST001161,CUST001161,100.0,True,True,True,True,True,True,True,True
AML-CUST001175,CUST001175,100.0,True,True,True,True,True,True,True,True
AML-CUST001199,CUST001199,100.0,True,True,True,True,True,True,True,True
AML-CUST001215,CUST001215,100.0,True,True,True,True,True,True,True,True
AML-CUST001271,CUST001271,100.0,True,True,True,True,True,True,True,True
AML-CUST001303,CUST001303,100.0,True,True,True,True,True,True,True,True
AML-CUST001307,CUST001307,100.0,True,True,True,True,True,True,True,True
AML-CUST001320,CUST001320,100.0,True,True,True,True,True,True,True,True
AML-CUST001394,CUST001394,100.0,True,True,True,True,True,True,True,True
AML-CUST001507,CUST001507,100.0,True,True,True,True,True,True,True,True
AML-CUST001516,CUST001516,100.0,True,True,True,True,True,True,True,True
AML-CUST001532,CUST001532,100.0,True,True,True,True,True,True,True,True
AML-CUST001621,CUST001621,100.0,True,True,True,True,True,True,True,True
AML-CUST001649,CUST001649,100.0,True,True,True,True,True,True,True,True
AML-CUST001663,CUST001663,100.0,True,True,True,True,True,True,True,True
AML-CUST001702,CUST001702,100.0,True,True,True,True,True,True,True,True
AML-CUST001733,CUST001733,100.0,True,True,True,True,True,True,True,True
AML-CUST001756,CUST001756,100.0,True,True,True,True,True,True,True,True
AML-CUST001816,CUST001816,100.0,True,True,True,True,True,True,True,True
AML-CUST001845,CUST001845,100.0,True,True,True,True,True,True,True,True
AML-CUST001962,CUST001962,100.0,True,True,True,True,True,True,True,True
AML-CUST001969,CUST001969,100.0,True,True,True,True,True,True,True,True
AML-CUST002010,CUST002010,100.0,True,True,True,True,True,True,True,True
AML-CUST002046,CUST002046,100.0,True,True,True,True,True,True,True,True
AML-CUST002059,CUST002059,100.0,True,True,True,True,True,True,True,True
AML-CUST002109,CUST002109,100.0,True,True,True,True,True,True,True,True
AML-CUST002135,CUST002135,100.0,True,True,True,True,True,True,True,True
AML-CUST002300,CUST002300,100.0,True,True,True,True,True,True,True,True
AML-CUST002317,CUST002317,100.0,True,True,True,True,True,True,True,True
AML-CUST002335,CUST002335,100.0,True,True,True,True,True,True,True,True
AML-CUST002400,CUST002400,100.0,True,True,True,True,True,True,True,True
AML-CUST002414,CUST002414,100.0,True,True,True,True,True,True,True,True
AML-CUST002416,CUST002416,100.0,True,True,True,True,True,True,True,True
AML-CUST002451,CUST002451,100.0,True,True,True,True,True,True,True,True
AML-CUST002583,CUST002583,100.0,True,True,True,True,True,True,True,True
AML-CUST002589,CUST002589,100.0,True,True,True,True,True,True,True,True
AML-CUST002592,CUST002592,100.0,True,True,True,True,True,True,True,True
AML-CUST002597,CUST002597,100.0,True,True,True,True,True,True,True,True
AML-CUST002620,CUST002620,100.0,True,True,True,True,True,True,True,True
AML-CUST002624,CUST002624,100.0,True,True,True,True,True,True,True,True
AML-CUST002637,CUST002637,100.0,True,True,True,True,True,True,True,True
AML-CUST002720,CUST002720,100.0,True,True,True,True,True,True,True,True
AML-CUST002794,CUST002794,100.0,True,True,True,True,True,True,True,True
AML-CUST002807,CUST002807,100.0,True,True,True,True,True,True,True,True
AML-CUST002897,CUST002897,100.0,True,True,True,True,True,True,True,True
AML-CUST002925,CUST002925,100.0,True,True,True,True,True,True,True,True
AML-CUST002992,CUST002992,100.0,True,True,True,True,True,True,True,True
AML-CUST003131,CUST003131,100.0,True,True,True,True,True,True,True,True
AML-CUST003141,CUST003141,100.0,True,True,True,True,True,True,True,True
AML-CUST003223,CUST003223,100.0,True,True,True,True,True,True,True,True
AML-CUST003237,CUST003237,100.0,True,True,True,True,True,True,True,True
AML-CUST003274,CUST003274,100.0,True,True,True,True,True,True,True,True
AML-CUST003309,CUST003309,100.0,True,True,True,True,True,True,True,True
AML-CUST003338,CUST003338,100.0,True,True,True,True,True,True,True,True
AML-CUST003403,CUST003403,100.0,True,True,True,True,True,True,True,True
AML-CUST003445,CUST003445,100.0,True,True,True,True,True,True,True,True
AML-CUST003465,CUST003465,100.0,True,True,True,True,True,True,True,True
AML-CUST003477,CUST003477,100.0,True,True,True,True,True,True,True,True
AML-CUST003558,CUST003558,100.0,True,True,True,True,True,True,True,True
AML-CUST003642,CUST003642,100.0,True,True,True,True,True,True,True,True
AML-CUST003719,CUST003719,100.0,True,True,True,True,True,True,True,True
AML-CUST003769,CUST003769,100.0,True,True,True,True,True,True,True,True
AML-CUST003808,CUST003808,100.0,True,True,True,True,True,True,True,True
AML-CUST003814,CUST003814,100.0,True,True,True,True,True,True,True,True
AML-CUST003877,CUST003877,100.0,True,True,True,True,True,True,True,True
AML-CUST003879,CUST003879,100.0,True,True,True,True,True,True,True,True
AML-CUST003981,CUST003981,100.0,True,True,True,True,True,True,True,True
AML-CUST004120,CUST004120,100.0,True,True,True,True,True,True,True,True
AML-CUST004154,CUST004154,100.0,True,True,True,True,True,True,True,True
AML-CUST004176,CUST004176,100.0,True,True,True,True,True,True,True,True
AML-CUST004215,CUST004215,100.0,True,True,True,True,True,True,True,True
AML-CUST004272,CUST004272,100.0,True,True,True,True,True,True,True,True
AML-CUST004356,CUST004356,100.0,True,True,True,True,True,True,True,True
AML-CUST004523,CUST004523,100.0,True,True,True,True,True,True,True,True
AML-CUST004543,CUST004543,100.0,True,True,True,True,True,True,True,True
AML-CUST004570,CUST004570,100.0,True,True,True,True,True,True,True,True
AML-CUST004660,CUST004660,100.0,True,True,True,True,True,True,True,True
AML-CUST004668,CUST004668,100.0,True,True,True,True,True,True,True,True
AML-CUST004832,CUST004832,100.0,True,True,True,True,True,True,True,True
AML-CUST004833,CUST004833,100.0,True,True,True,True,True,True,True,True
AML-CUST004853,CUST004853,100.0,True,True,True,True,True,True,True,True
AML-CUST004928,CUST004928,100.0,True,True,True,True,True,True,True,True
AML-CUST004947,CUST004947,100.0,True,True,True,True,True,True,True,True
AML-CUST004964,CUST004964,100.0,True,True,True,True,True,True,True,True
AML-CUST000447,CUST000447,100.0,True,True,True,True,True,True,True,True
AML-CUST000595,CUST000595,100.0,True,True,True,True,True,True,True,True
AML-CUST000674,CUST000674,100.0,True,True,True,True,True,True,True,True
AML-CUST000793,CUST000793,100.0,True,True,True,True,True,True,True,True
AML-CUST000826,CUST000826,100.0,True,True,True,True,True,True,True,True
AML-CUST001002,CUST001002,100.0,True,True,True,True,True,True,True,True
AML-CUST001336,CUST001336,100.0,True,True,True,True,True,True,True,True
AML-CUST001479,CUST001479,100.0,True,True,True,True,True,True,True,True
AML-CUST001576,CUST001576,100.0,True,True,True,True,True,True,True,True
AML-CUST001740,CUST001740,100.0,True,True,True,True,True,True,True,True
AML-CUST001755,CUST001755,100.0,True,True,True,True,True,True,True,True
AML-CUST001790,CUST001790,100.0,True,True,True,True,True,True,True,True
AML-CUST002075,CUST002075,100.0,True,True,True,True,True,True,True,True
AML-CUST002106,CUST002106,100.0,True,True,True,True,True,True,True,True
AML-CUST002112,CUST002112,100.0,True,True,True,True,True,True,True,True
AML-CUST002123,CUST002123,100.0,True,True,True,True,True,True,True,True
AML-CUST002170,CUST002170,100.0,True,True,True,True,True,True,True,True
AML-CUST002568,CUST002568,100.0,True,True,True,True,True,True,True,True
AML-CUST002579,CUST002579,100.0,True,True,True,True,True,True,True,True
AML-CUST002664,CUST002664,100.0,True,True,True,True,True,True,True,True
AML-CUST002694,CUST002694,100.0,True,True,True,True,True,True,True,True
AML-CUST002701,CUST002701,100.0,True,True,True,True,True,True,True,True
AML-CUST002706,CUST002706,100.0,True,True,True,True,True,True,True,True
AML-CUST002793,CUST002793,100.0,True,True,True,True,True,True,True,True
AML-CUST002873,CUST002873,100.0,True,True,True,True,True,True,True,True
AML-CUST002894,CUST002894,100.0,True,True,True,True,True,True,True,True
AML-CUST002979,CUST002979,100.0,True,True,True,True,True,True,True,True
AML-CUST003063,CUST003063,100.0,True,True,True,True,True,True,True,True
AML-CUST003116,CUST003116,100.0,True,True,True,True,True,True,True,True
AML-CUST003376,CUST003376,100.0,True,True,True,True,True,True,True,True
AML-CUST003405,CUST003405,100.0,True,True,True,True,True,True,True,True
AML-CUST003421,CUST003421,100.0,True,True,True,True,True,True,True,True
AML-CUST003425,CUST003425,100.0,True,True,True,True,True,True,True,True
AML-CUST003517,CUST003517,100.0,True,True,True,True,True,True,True,True
AML-CUST003740,CUST003740,100.0,True,True,True,True,True,True,True,True
AML-CUST003965,CUST003965,100.0,True,True,True,True,True,True,True,True
AML-CUST004168,CUST004168,100.0,True,True,True,True,True,True,True,True
AML-CUST004222,CUST004222,100.0,True,True,True,True,True,True,True,True
AML-CUST004248,CUST004248,100.0,True,True,True,True,True,True,True,True
AML-CUST004349,CUST004349,100.0,True,True,True,True,True,True,True,True
AML-CUST004451,CUST004451,100.0,True,True,True,True,True,True,True,True
AML-CUST004496,CUST004496,100.0,True,True,True,True,True,True,True,True
AML-CUST004611,CUST004611,100.0,True,True,True,True,True,True,True,True
AML-CUST004726,CUST004726,100.0,True,True,True,True,True,True,True,True
AML-CUST004763,CUST004763,100.0,True,True,True,True,True,True,True,True
AML-CUST004779,CUST004779,100.0,True,True,True,True,True,True,True,True
AML-CUST004812,CUST004812,100.0,True,True,True,True,True,True,True,True
AML-CUST004847,CUST004847,100.0,True,True,True,True,True,True,True,True
AML-CUST004902,CUST004902,100.0,True,True,True,True,True,True,True,True
AML-CUST000323,CUST000323,100.0,True,True,True,True,True,True,True,True
AML-CUST001159,CUST001159,100.0,True,True,True,True,True,True,True,True
AML-CUST001230,CUST001230,100.0,True,True,True,True,True,True,True,True
AML-CUST001414,CUST001414,100.0,True,True,True,True,True,True,True,True
AML-CUST001421,CUST001421,100.0,True,True,True,True,True,True,True,True
AML-CUST001427,CUST001427,100.0,True,True,True,True,True,True,True,True
AML-CUST001436,CUST001436,100.0,True,True,True,True,True,True,True,True
AML-CUST001571,CUST001571,100.0,True,True,True,True,True,True,True,True
AML-CUST001703,CUST001703,100.0,True,True,True,True,True,True,True,True
AML-CUST002183,CUST002183,100.0,True,True,True,True,True,True,True,True
AML-CUST002433,CUST002433,100.0,True,True,True,True,True,True,True,True
AML-CUST002683,CUST002683,100.0,True,True,True,True,True,True,True,True
AML-CUST002884,CUST002884,100.0,True,True,True,True,True,True,True,True
AML-CUST003326,CUST003326,100.0,True,True,True,True,True,True,True,True
AML-CUST003586,CUST003586,100.0,True,True,True,True,True,True,True,True
AML-CUST003753,CUST003753,100.0,True,True,True,True,True,True,True,True
AML-CUST004579,CUST004579,100.0,True,True,True,True,True,True,True,True
AML-CUST004991,CUST004991,100.0,True,True,True,True,True,True,True,True
